{"@type": "Flow", "@id": "18b5a96b-f01a-3b11-8077-16777ce57763", "name": "Chrysene", "description": "From FedElemFlowList_0.3. Flow Class: Chemicals. Not a preferred flow.", "version": "0.3", "lastChange": "2019-06-06T18:05:12.713940", "category": {"@type": "Category", "@id": "3c5223df-1851-317b-b4ed-86eba416493e"}, "flowType": "ELEMENTARY_FLOW", "cas": "218-01-9", "formula": "C18H12", "flowProperties": [{"@type": "FlowPropertyFactor", "flowProperty": {"@type": "FlowProperty", "@id": "93a60a56-a3c8-11da-a746-0800200b9a66", "name": "Mass"}, "conversionFactor": 1.0, "referenceFlowProperty": true}]}