{"@type": "Flow", "@id": "2537b383-61da-3c0f-97b6-e4e2a33f2610", "name": "Fluoranthene", "description": "From FedElemFlowList_0.3. Flow Class: Chemicals. Not a preferred flow.", "version": "0.3", "lastChange": "2019-06-06T18:05:12.702945", "category": {"@type": "Category", "@id": "dc2f0cb5-017c-3835-b323-f0bee85c5cc0"}, "flowType": "ELEMENTARY_FLOW", "cas": "206-44-0", "formula": "C16H10", "flowProperties": [{"@type": "FlowPropertyFactor", "flowProperty": {"@type": "FlowProperty", "@id": "93a60a56-a3c8-11da-a746-0800200b9a66", "name": "Mass"}, "conversionFactor": 1.0, "referenceFlowProperty": true}]}