{"@type": "Flow", "@id": "534cdd8e-93b0-3bc1-996b-0774ed252f29", "name": "Perfluoromyristic acid", "description": "From FedElemFlowList_0.3. Flow Class: Chemicals. Not a preferred flow.", "version": "0.3", "lastChange": "2019-06-06T18:05:12.720928", "category": {"@type": "Category", "@id": "dc2f0cb5-017c-3835-b323-f0bee85c5cc0"}, "flowType": "ELEMENTARY_FLOW", "cas": "376-06-7", "formula": "C14HF27O2", "flowProperties": [{"@type": "FlowPropertyFactor", "flowProperty": {"@type": "FlowProperty", "@id": "93a60a56-a3c8-11da-a746-0800200b9a66", "name": "Mass"}, "conversionFactor": 1.0, "referenceFlowProperty": true}]}