{"@type": "Flow", "@id": "5f06eae8-f6ac-3976-bbb2-397b66f548e4", "name": "Chromium", "description": "From FedElemFlowList_0.3. Flow Class: Chemicals. Not a preferred flow.", "version": "0.3", "lastChange": "2019-06-06T18:05:12.698949", "category": {"@type": "Category", "@id": "ed431e09-fc61-3a34-ae92-185e97864109"}, "flowType": "ELEMENTARY_FLOW", "cas": "7440-47-3", "formula": "Cr", "flowProperties": [{"@type": "FlowPropertyFactor", "flowProperty": {"@type": "FlowProperty", "@id": "93a60a56-a3c8-11da-a746-0800200b9a66", "name": "Mass"}, "conversionFactor": 1.0, "referenceFlowProperty": true}]}