{"@type": "Flow", "@id": "65d56a65-e766-3e57-8da8-f2accb61e9fc", "name": "Arsenic compounds", "description": "From FedElemFlowList_0.3. Flow Class: Groups. Not a preferred flow.", "version": "0.3", "lastChange": "2019-06-06T18:05:12.727923", "category": {"@type": "Category", "@id": "9d9d7c69-aa4d-3e50-8aae-7541938a5464"}, "flowType": "ELEMENTARY_FLOW", "cas": "n.a.", "formula": "-", "flowProperties": [{"@type": "FlowPropertyFactor", "flowProperty": {"@type": "FlowProperty", "@id": "93a60a56-a3c8-11da-a746-0800200b9a66", "name": "Mass"}, "conversionFactor": 1.0, "referenceFlowProperty": true}]}