{"@type": "Flow", "@id": "8da87990-fb87-3fba-824f-1d45a2d185c4", "name": "Chlorinated phenols", "description": "From FedElemFlowList_0.3. Flow Class: Groups. Not a preferred flow.", "version": "0.3", "lastChange": "2019-06-06T18:05:12.729922", "category": {"@type": "Category", "@id": "9d9d7c69-aa4d-3e50-8aae-7541938a5464"}, "flowType": "ELEMENTARY_FLOW", "cas": "1336-35-2", "formula": "-", "flowProperties": [{"@type": "FlowPropertyFactor", "flowProperty": {"@type": "FlowProperty", "@id": "93a60a56-a3c8-11da-a746-0800200b9a66", "name": "Mass"}, "conversionFactor": 1.0, "referenceFlowProperty": true}]}