{"@type": "Flow", "@id": "96054103-8509-3049-a638-c4d13cc707cc", "name": "Water", "description": "From FedElemFlowList_0.3. Flow Class: Water. Not a preferred flow.", "version": "0.3", "lastChange": "2019-06-06T18:05:12.731918", "category": {"@type": "Category", "@id": "3c5223df-1851-317b-b4ed-86eba416493e"}, "flowType": "ELEMENTARY_FLOW", "cas": "7732190", "formula": "H2O", "flowProperties": [{"@type": "FlowPropertyFactor", "flowProperty": {"@type": "FlowProperty", "@id": "93a60a56-a3c8-11da-a746-0800200b9a66", "name": "Mass"}, "conversionFactor": 1.0, "referenceFlowProperty": true}]}