{"@type": "Flow", "@id": "bfde6c96-c85a-3920-a990-e4e68b3c1d8d", "name": "Particulate matter - PM10", "description": "From FedElemFlowList_0.3. Flow Class: Groups. Not a preferred flow.", "version": "0.3", "lastChange": "2019-06-06T18:05:12.728920", "category": {"@type": "Category", "@id": "9d9d7c69-aa4d-3e50-8aae-7541938a5464"}, "flowType": "ELEMENTARY_FLOW", "cas": "n.a.", "formula": NaN, "flowProperties": [{"@type": "FlowPropertyFactor", "flowProperty": {"@type": "FlowProperty", "@id": "93a60a56-a3c8-11da-a746-0800200b9a66", "name": "Mass"}, "conversionFactor": 1.0, "referenceFlowProperty": true}]}