{"@type": "Flow", "@id": "c65748fb-c592-3ab2-abc6-39f611a7f7c7", "name": "Copper", "description": "From FedElemFlowList_0.3. Flow Class: Chemicals. Not a preferred flow.", "version": "0.3", "lastChange": "2019-06-06T18:05:12.699949", "category": {"@type": "Category", "@id": "ed431e09-fc61-3a34-ae92-185e97864109"}, "flowType": "ELEMENTARY_FLOW", "cas": "7440-50-8", "formula": "Cu", "flowProperties": [{"@type": "FlowPropertyFactor", "flowProperty": {"@type": "FlowProperty", "@id": "93a60a56-a3c8-11da-a746-0800200b9a66", "name": "Mass"}, "conversionFactor": 1.0, "referenceFlowProperty": true}]}