{"@type": "Flow", "@id": "ceb19cad-78ed-3635-902c-d7ac03e5b830", "name": "2,3,7,8-Tetrachlorodibenzo-p-dioxin", "description": "From FedElemFlowList_0.3. Flow Class: Chemicals. Not a preferred flow.", "version": "0.3", "lastChange": "2019-06-06T18:05:12.626018", "category": {"@type": "Category", "@id": "9d9d7c69-aa4d-3e50-8aae-7541938a5464"}, "flowType": "ELEMENTARY_FLOW", "cas": "1746-01-6", "formula": "C12H4Cl4O2", "flowProperties": [{"@type": "FlowPropertyFactor", "flowProperty": {"@type": "FlowProperty", "@id": "93a60a56-a3c8-11da-a746-0800200b9a66", "name": "Mass"}, "conversionFactor": 1.0, "referenceFlowProperty": true}]}