{"@type": "Flow", "@id": "d7f1dea1-f7c7-3225-9418-3d23f004e13f", "name": "Benzo[a]pyrene", "description": "From FedElemFlowList_0.3. Flow Class: Chemicals. Not a preferred flow.", "version": "0.3", "lastChange": "2019-06-06T18:05:12.702945", "category": {"@type": "Category", "@id": "dc2f0cb5-017c-3835-b323-f0bee85c5cc0"}, "flowType": "ELEMENTARY_FLOW", "cas": "50-32-8", "formula": "C20H12", "flowProperties": [{"@type": "FlowPropertyFactor", "flowProperty": {"@type": "FlowProperty", "@id": "93a60a56-a3c8-11da-a746-0800200b9a66", "name": "Mass"}, "conversionFactor": 1.0, "referenceFlowProperty": true}]}