{"@type": "Flow", "@id": "e169f5f8-18bf-33b2-94d6-7c95d5a83259", "name": "Tin", "description": "From FedElemFlowList_0.3. Flow Class: Chemicals. Not a preferred flow.", "version": "0.3", "lastChange": "2019-06-06T18:05:12.723926", "category": {"@type": "Category", "@id": "3c5223df-1851-317b-b4ed-86eba416493e"}, "flowType": "ELEMENTARY_FLOW", "cas": "7440-31-5", "formula": "Sn", "flowProperties": [{"@type": "FlowPropertyFactor", "flowProperty": {"@type": "FlowProperty", "@id": "93a60a56-a3c8-11da-a746-0800200b9a66", "name": "Mass"}, "conversionFactor": 1.0, "referenceFlowProperty": true}]}