{"@type": "Flow", "@id": "e2eb491c-78ff-3123-9e42-494c7d199b44", "name": "Water", "description": "From FedElemFlowList_0.3. Flow Class: Water. Not a preferred flow.", "version": "0.3", "lastChange": "2019-06-06T18:05:12.730922", "category": {"@type": "Category", "@id": "9d840918-743c-343c-b333-960ce4fa0db9"}, "flowType": "ELEMENTARY_FLOW", "cas": "7732190", "formula": "H2O", "flowProperties": [{"@type": "FlowPropertyFactor", "flowProperty": {"@type": "FlowProperty", "@id": "93a60a56-a3c8-11da-a746-0800200b9a66", "name": "Mass"}, "conversionFactor": 1.0, "referenceFlowProperty": true}]}