{"@type": "Flow", "@id": "e430eaa1-80c8-376d-a3bf-816c9a741807", "name": "Water", "description": "From FedElemFlowList_0.3. Flow Class: Water. Not a preferred flow.", "version": "0.3", "lastChange": "2019-06-06T18:05:12.730922", "category": {"@type": "Category", "@id": "9d9d7c69-aa4d-3e50-8aae-7541938a5464"}, "flowType": "ELEMENTARY_FLOW", "cas": "7732190", "formula": "H2O", "flowProperties": [{"@type": "FlowPropertyFactor", "flowProperty": {"@type": "FlowProperty", "@id": "93a60a56-a3c8-11da-a746-0800200b9a66", "name": "Mass"}, "conversionFactor": 1.0, "referenceFlowProperty": true}]}