{"@type": "Flow", "@id": "e96ce1ce-5cda-3807-9d86-3735e1c79fa9", "name": "Arsenic", "description": "From FedElemFlowList_0.3. Flow Class: Chemicals. Not a preferred flow.", "version": "0.3", "lastChange": "2019-06-06T18:05:12.698949", "category": {"@type": "Category", "@id": "9ba871cb-4167-3447-9469-491b7dd19f14"}, "flowType": "ELEMENTARY_FLOW", "cas": "7440-38-2", "formula": "As", "flowProperties": [{"@type": "FlowPropertyFactor", "flowProperty": {"@type": "FlowProperty", "@id": "93a60a56-a3c8-11da-a746-0800200b9a66", "name": "Mass"}, "conversionFactor": 1.0, "referenceFlowProperty": true}]}