{"@type": "Flow", "@id": "e99ddeb5-25be-3571-9b7a-2668d9531e8a", "name": "o-Xylene", "description": "From FedElemFlowList_0.3. Flow Class: Chemicals. Not a preferred flow.", "version": "0.3", "lastChange": "2019-06-06T18:05:12.663986", "category": {"@type": "Category", "@id": "9d9d7c69-aa4d-3e50-8aae-7541938a5464"}, "flowType": "ELEMENTARY_FLOW", "cas": "95-47-6", "formula": "C8H10", "flowProperties": [{"@type": "FlowPropertyFactor", "flowProperty": {"@type": "FlowProperty", "@id": "93a60a56-a3c8-11da-a746-0800200b9a66", "name": "Mass"}, "conversionFactor": 1.0, "referenceFlowProperty": true}]}