{"@type": "Flow", "@id": "eab4830f-e38c-3a5a-9cd6-cea5740d31d2", "name": "Arsenic", "description": "From FedElemFlowList_0.3. Flow Class: Chemicals. Not a preferred flow.", "version": "0.3", "lastChange": "2019-06-06T18:05:12.706941", "category": {"@type": "Category", "@id": "dc2f0cb5-017c-3835-b323-f0bee85c5cc0"}, "flowType": "ELEMENTARY_FLOW", "cas": "7440-38-2", "formula": "As", "flowProperties": [{"@type": "FlowPropertyFactor", "flowProperty": {"@type": "FlowProperty", "@id": "93a60a56-a3c8-11da-a746-0800200b9a66", "name": "Mass"}, "conversionFactor": 1.0, "referenceFlowProperty": true}]}