{"@type": "Flow", "@id": "f1b4ae26-6dda-3d7f-8364-6e8c0ed72c34", "name": "Dibenz[a,h]anthracene", "description": "From FedElemFlowList_0.3. Flow Class: Chemicals. Not a preferred flow.", "version": "0.3", "lastChange": "2019-06-06T18:05:12.703945", "category": {"@type": "Category", "@id": "3c5223df-1851-317b-b4ed-86eba416493e"}, "flowType": "ELEMENTARY_FLOW", "cas": "53-70-3", "formula": "C22H14", "flowProperties": [{"@type": "FlowPropertyFactor", "flowProperty": {"@type": "FlowProperty", "@id": "93a60a56-a3c8-11da-a746-0800200b9a66", "name": "Mass"}, "conversionFactor": 1.0, "referenceFlowProperty": true}]}