{"@type": "Flow", "@id": "f4d494d1-6e82-3f63-a2d5-610f40dc08b4", "name": "Phenanthrene", "description": "From FedElemFlowList_0.3. Flow Class: Chemicals. Not a preferred flow.", "version": "0.3", "lastChange": "2019-06-06T18:05:12.710937", "category": {"@type": "Category", "@id": "3c5223df-1851-317b-b4ed-86eba416493e"}, "flowType": "ELEMENTARY_FLOW", "cas": "85-01-8", "formula": "C14H10", "flowProperties": [{"@type": "FlowPropertyFactor", "flowProperty": {"@type": "FlowProperty", "@id": "93a60a56-a3c8-11da-a746-0800200b9a66", "name": "Mass"}, "conversionFactor": 1.0, "referenceFlowProperty": true}]}