{"@context": "http://greendelta.github.io/olca-schema/context.jsonld", "@type": "Flow", "@id": "025c63bc-46b7-3368-8388-6586fc22d5f3", "name": "Oxydisulfoton", "cas": "218239", "formula": "C8H19O3PS3", "version": "0.1", "description": "From FedElemFlowList_0.1. Flow Class: Chemicals. Preferred flow. Reference: https://ofmpub.epa.gov/sor_internet/registry/substreg/searchandretrieve/substancesearch/search.do?details=displayDetails&selectedSubstanceId=40275", "category": {"@type": "Category", "@id": "4061cba4-cb52-3ef2-85a6-55942ed24d37", "name": "air"}, "flowType": "ELEMENTARY_FLOW", "flowProperties": [{"@type": "FlowPropertyFactor", "referenceFlowProperty": true, "flowProperty": {"@type": "FlowProperty", "name": "Mass", "@id": "93a60a56-a3c8-11da-a746-0800200b9a66"}, "conversionFactor": 1.0}]}