{"@context": "http://greendelta.github.io/olca-schema/context.jsonld", "@type": "Flow", "@id": "08eaee15-3d5f-3043-9952-c7173fcf0610", "name": "N-4-(4'-Fluorobiphenyl)acetamide", "cas": "398-32-3", "formula": "C14H12FNO", "version": "0.1", "category": {"@type": "Category", "@id": "e93ff947-1fc8-3f69-a82a-430a273cc58f", "name": "air"}, "flowType": "ELEMENTARY_FLOW", "flowProperties": [{"@type": "FlowPropertyFactor", "referenceFlowProperty": true, "flowProperty": {"@type": "FlowProperty", "name": "mass", "@id": NaN}, "conversionFactor": 1.0}]}