{"@context": "http://greendelta.github.io/olca-schema/context.jsonld", "@type": "Flow", "@id": "0cfc658a-3532-3370-94f2-0ae9318be29b", "name": "Pentanol isomers", "cas": "30899-19-5", "formula": "-", "version": "0.1", "description": "From 'FedElemFlowList_0.1. Preferred flow. Reference: https://comptox.epa.gov/dashboard/dsstoxdb/results?utf8=%E2%9C%93&search=DTXSID10872957", "category": {"@type": "Category", "@id": "4061cba4-cb52-3ef2-85a6-55942ed24d37", "name": "air"}, "flowType": "ELEMENTARY_FLOW", "flowProperties": [{"@type": "FlowPropertyFactor", "referenceFlowProperty": true, "flowProperty": {"@type": "FlowProperty", "name": "mass", "@id": NaN}, "conversionFactor": 1.0}]}