{"@context": "http://greendelta.github.io/olca-schema/context.jsonld", "@type": "Flow", "@id": "0fc38581-9fba-3635-a8e8-3e6c9074c4b7", "name": "Biomass", "cas": "", "formula": "", "version": "0.1", "description": "From 'FedElemFlowList_0.1. Not a preferred flow.", "category": {"@type": "Category", "@id": "2d0430aa-7d05-3447-b37e-f0365e6428f0", "name": "ground"}, "flowType": "ELEMENTARY_FLOW", "flowProperties": [{"@type": "FlowPropertyFactor", "referenceFlowProperty": true, "flowProperty": {"@type": "FlowProperty", "name": "Mass", "@id": "93a60a56-a3c8-11da-a746-0800200b9a66"}, "conversionFactor": 1.0}]}