{"@context": "http://greendelta.github.io/olca-schema/context.jsonld", "@type": "Flow", "@id": "1a98cae1-06c7-30a1-93fe-9dcbfdbb68b4", "name": "N-{[3-(5-Nitro-2-furyl)-1,2,4-oxadiazole-5-yl]-methyl}acetamide", "cas": "36133-88-7", "formula": "C9H8N4O5", "version": "0.1", "category": {"@type": "Category", "@id": "e93ff947-1fc8-3f69-a82a-430a273cc58f", "name": "air"}, "flowType": "ELEMENTARY_FLOW", "flowProperties": [{"@type": "FlowPropertyFactor", "referenceFlowProperty": true, "flowProperty": {"@type": "FlowProperty", "name": "mass", "@id": NaN}, "conversionFactor": 1.0}]}