{"@context": "http://greendelta.github.io/olca-schema/context.jsonld", "@type": "Flow", "@id": "1b52663b-04de-3380-886b-20c91e9cace6", "name": "Mandipropamid", "cas": "374726-62-2", "formula": "C23H22ClNO4", "version": "0.1", "category": {"@type": "Category", "@id": "e93ff947-1fc8-3f69-a82a-430a273cc58f", "name": "air"}, "flowType": "ELEMENTARY_FLOW", "flowProperties": [{"@type": "FlowPropertyFactor", "referenceFlowProperty": true, "flowProperty": {"@type": "FlowProperty", "name": "mass", "@id": NaN}, "conversionFactor": 1.0}]}