{"@context": "http://greendelta.github.io/olca-schema/context.jsonld", "@type": "Flow", "@id": "22cb13c6-e538-3bfc-8f66-6040aa0e6003", "name": "Piperophos", "cas": "24151-93-7", "formula": "C14H28NO3PS2", "version": "0.1", "category": {"@type": "Category", "@id": "e93ff947-1fc8-3f69-a82a-430a273cc58f", "name": "air"}, "flowType": "ELEMENTARY_FLOW", "flowProperties": [{"@type": "FlowPropertyFactor", "referenceFlowProperty": true, "flowProperty": {"@type": "FlowProperty", "name": "mass", "@id": NaN}, "conversionFactor": 1.0}]}