{"@context": "http://greendelta.github.io/olca-schema/context.jsonld", "@type": "Flow", "@id": "37fba0e4-d5fe-3458-b947-e643918a6d31", "name": "2-Dimethylaminopyridine", "cas": "5683-33-0", "formula": "C7H10N2", "version": "0.1", "description": "From FedElemFlowList_0.1. Flow Class: Chemicals. Preferred flow. Reference: https://comptox.epa.gov/dashboard/dsstoxdb/results?utf8=%E2%9C%93&search=DTXSID9022231", "category": {"@type": "Category", "@id": "4061cba4-cb52-3ef2-85a6-55942ed24d37", "name": "air"}, "flowType": "ELEMENTARY_FLOW", "flowProperties": [{"@type": "FlowPropertyFactor", "referenceFlowProperty": true, "flowProperty": {"@type": "FlowProperty", "name": "Mass", "@id": "93a60a56-a3c8-11da-a746-0800200b9a66"}, "conversionFactor": 1.0}]}