{"@context": "http://greendelta.github.io/olca-schema/context.jsonld", "@type": "Flow", "@id": "3f602449-1682-3b84-a2c1-ee4ed7961669", "name": "N,N'-[6-(5-Nitro-2-furyl)-S-triazine-2,4-diyl]bisacetamide", "cas": "51325-35-0", "formula": "C11H10N6O5", "version": "0.1", "category": {"@type": "Category", "@id": "e93ff947-1fc8-3f69-a82a-430a273cc58f", "name": "air"}, "flowType": "ELEMENTARY_FLOW", "flowProperties": [{"@type": "FlowPropertyFactor", "referenceFlowProperty": true, "flowProperty": {"@type": "FlowProperty", "name": "mass", "@id": NaN}, "conversionFactor": 1.0}]}