{"@context": "http://greendelta.github.io/olca-schema/context.jsonld", "@type": "Flow", "@id": "42432a31-f540-36da-8fc3-2bb8de3ec60a", "name": "N-(3-Chlorophenyl)-N-(2-oxooxolan-3-yl)cyclopropanecarboxamide", "cas": "69581-33-5", "formula": "C14H14ClNO3", "version": "0.1", "category": {"@type": "Category", "@id": "e93ff947-1fc8-3f69-a82a-430a273cc58f", "name": "air"}, "flowType": "ELEMENTARY_FLOW", "flowProperties": [{"@type": "FlowPropertyFactor", "referenceFlowProperty": true, "flowProperty": {"@type": "FlowProperty", "name": "mass", "@id": NaN}, "conversionFactor": 1.0}]}