{"@context": "http://greendelta.github.io/olca-schema/context.jsonld", "@type": "Flow", "@id": "42a98417-3887-31b0-9dcc-8f731546f06b", "name": "Trp-P-2 acetate", "cas": "72254-58-1", "formula": "C14H15N3O2", "version": "0.1", "category": {"@type": "Category", "@id": "e93ff947-1fc8-3f69-a82a-430a273cc58f", "name": "air"}, "flowType": "ELEMENTARY_FLOW", "flowProperties": [{"@type": "FlowPropertyFactor", "referenceFlowProperty": true, "flowProperty": {"@type": "FlowProperty", "name": "mass", "@id": NaN}, "conversionFactor": 1.0}]}