{"@context": "http://greendelta.github.io/olca-schema/context.jsonld", "@type": "Flow", "@id": "42c9e396-8485-3146-a1a6-aa0d5ebf1cea", "name": "Ferrate(1-), [N-[2-[bis[(carboxy-.kappa.O)methyl]amino-.kappa.N]ethyl]-N-[2-(hydroxy-.kappa.O)ethyl]glycinato(3-)-.kappa.N,.kappa.O]-, sodium", "cas": "16485-47-5", "formula": "C10H15FeN2NaO7", "version": "0.1", "category": {"@type": "Category", "@id": "e93ff947-1fc8-3f69-a82a-430a273cc58f", "name": "air"}, "flowType": "ELEMENTARY_FLOW", "flowProperties": [{"@type": "FlowPropertyFactor", "referenceFlowProperty": true, "flowProperty": {"@type": "FlowProperty", "name": "mass", "@id": NaN}, "conversionFactor": 1.0}]}