{"@context": "http://greendelta.github.io/olca-schema/context.jsonld", "@type": "Flow", "@id": "5eb8e723-a35f-37af-a169-17e61f70b2ba", "name": "4,4'-Bis(2-morpholino-4-anilino-s-triazinyl-6-amino)stilbene-2,2'-disulfonic acid disodium salt", "cas": "16090-02-1", "formula": "C40H38N12Na2O8S2", "version": "0.1", "category": {"@type": "Category", "@id": "e93ff947-1fc8-3f69-a82a-430a273cc58f", "name": "air"}, "flowType": "ELEMENTARY_FLOW", "flowProperties": [{"@type": "FlowPropertyFactor", "referenceFlowProperty": true, "flowProperty": {"@type": "FlowProperty", "name": "mass", "@id": NaN}, "conversionFactor": 1.0}]}