{"@context": "http://greendelta.github.io/olca-schema/context.jsonld", "@type": "Flow", "@id": "69ef393a-8e30-39ce-9581-c76ca116cc04", "name": "N,N-Diethyl-4-[2-(1-oxido-4-pyridinyl)diazenyl]benzenamine", "cas": "7347-49-1", "formula": "C15H18N4O", "version": "0.1", "category": {"@type": "Category", "@id": "e93ff947-1fc8-3f69-a82a-430a273cc58f", "name": "air"}, "flowType": "ELEMENTARY_FLOW", "flowProperties": [{"@type": "FlowPropertyFactor", "referenceFlowProperty": true, "flowProperty": {"@type": "FlowProperty", "name": "mass", "@id": NaN}, "conversionFactor": 1.0}]}