{"@context": "http://greendelta.github.io/olca-schema/context.jsonld", "@type": "Flow", "@id": "828aeacd-df96-3eb3-abb1-e2d87cf071ec", "name": "1,5-Dichloropentane", "cas": "628-76-2", "formula": "C5H10Cl2", "version": "0.1", "description": "From FedElemFlowList_0.1. Flow Class: Chemicals. Preferred flow. Reference: https://ofmpub.epa.gov/sor_internet/registry/substreg/searchandretrieve/substancesearch/search.do?details=displayDetails&selectedSubstanceId=44617", "category": {"@type": "Category", "@id": "4061cba4-cb52-3ef2-85a6-55942ed24d37", "name": "air"}, "flowType": "ELEMENTARY_FLOW", "flowProperties": [{"@type": "FlowPropertyFactor", "referenceFlowProperty": true, "flowProperty": {"@type": "FlowProperty", "name": "Mass", "@id": "93a60a56-a3c8-11da-a746-0800200b9a66"}, "conversionFactor": 1.0}]}