{"@context": "http://greendelta.github.io/olca-schema/context.jsonld", "@type": "Flow", "@id": "88c046e5-7cd7-3bfa-8fd1-4dceae6a5c03", "name": "Methyl[1-(2-trifluoromethylpyridin-5-yl)ethyl]-N-cyanosulfoximine", "cas": "946578-00-3", "formula": "C10H10F3N3OS", "version": "0.1", "category": {"@type": "Category", "@id": "e93ff947-1fc8-3f69-a82a-430a273cc58f", "name": "air"}, "flowType": "ELEMENTARY_FLOW", "flowProperties": [{"@type": "FlowPropertyFactor", "referenceFlowProperty": true, "flowProperty": {"@type": "FlowProperty", "name": "mass", "@id": NaN}, "conversionFactor": 1.0}]}