{"@context": "http://greendelta.github.io/olca-schema/context.jsonld", "@type": "Flow", "@id": "8dbc13a2-bb48-3fa8-9932-22629abc4297", "name": "N-[5-(5-Nitro-2-furyl)-1,3,4-thiadiazol-2-yl]acetamide", "cas": "2578-75-8", "formula": "C8H6N4O4S", "version": "0.1", "category": {"@type": "Category", "@id": "e93ff947-1fc8-3f69-a82a-430a273cc58f", "name": "air"}, "flowType": "ELEMENTARY_FLOW", "flowProperties": [{"@type": "FlowPropertyFactor", "referenceFlowProperty": true, "flowProperty": {"@type": "FlowProperty", "name": "mass", "@id": NaN}, "conversionFactor": 1.0}]}