{"@context": "http://greendelta.github.io/olca-schema/context.jsonld", "@type": "Flow", "@id": "915b2592-0d89-31ff-8787-c96a13ff7cd5", "name": "Energy, solar", "cas": "", "formula": "", "version": "0.1", "category": {"@type": "Category", "@id": "e7b7e67a-d040-3cc3-8047-d7f7f4599214", "name": "air"}, "flowType": "ELEMENTARY_FLOW", "flowProperties": [{"@type": "FlowPropertyFactor", "referenceFlowProperty": true, "flowProperty": {"@type": "FlowProperty", "name": "Energy", "@id": "f6811440-ee37-11de-8a39-0800200c9a66"}, "conversionFactor": 1.0}]}