{"@context": "http://greendelta.github.io/olca-schema/context.jsonld", "@type": "Flow", "@id": "a282c03f-c434-3e91-9ad4-adb32888a54e", "name": "Energy, heat", "cas": "", "formula": "", "version": "0.1", "description": "From FedElemFlowList_0.1. Flow Class: Energy. Preferred flow.", "category": {"@type": "Category", "@id": "2d0430aa-7d05-3447-b37e-f0365e6428f0", "name": "ground"}, "flowType": "ELEMENTARY_FLOW", "flowProperties": [{"@type": "FlowPropertyFactor", "referenceFlowProperty": true, "flowProperty": {"@type": "FlowProperty", "name": "Energy", "@id": "f6811440-ee37-11de-8a39-0800200c9a66"}, "conversionFactor": 1.0}]}