{"@context": "http://greendelta.github.io/olca-schema/context.jsonld", "@type": "Flow", "@id": "a6383778-85db-3402-8070-c7a4ba6a5962", "name": "Energy, hydro", "cas": "", "formula": "", "version": "0.1", "category": {"@type": "Category", "@id": "853f1552-f4a6-3dfc-98a9-34ff867b77b3", "name": "water"}, "flowType": "ELEMENTARY_FLOW", "flowProperties": [{"@type": "FlowPropertyFactor", "referenceFlowProperty": true, "flowProperty": {"@type": "FlowProperty", "name": "Energy", "@id": "f6811440-ee37-11de-8a39-0800200c9a66"}, "conversionFactor": 1.0}]}