{"@context": "http://greendelta.github.io/olca-schema/context.jsonld", "@type": "Flow", "@id": "b2e6d800-118f-355a-ad7f-fdb1f2ebcc64", "name": "Phosphorodithioic acid, S-(2-(ethylsulfonyl)ethyl) O,O-dimethyl ester", "cas": "20301-63-7", "formula": "C6H15O4PS3", "version": "0.1", "category": {"@type": "Category", "@id": "e93ff947-1fc8-3f69-a82a-430a273cc58f", "name": "air"}, "flowType": "ELEMENTARY_FLOW", "flowProperties": [{"@type": "FlowPropertyFactor", "referenceFlowProperty": true, "flowProperty": {"@type": "FlowProperty", "name": "mass", "@id": NaN}, "conversionFactor": 1.0}]}