{"@context": "http://greendelta.github.io/olca-schema/context.jsonld", "@type": "Flow", "@id": "b4dea6e3-9983-31fb-936e-02cdc3f9bcd8", "name": "2,2,2-Trifluoro-N-[4-(5-nitro-2-furyl)-2-thiazolyl]acetamide", "cas": "42011-48-3", "formula": "C9H4F3N3O4S", "version": "0.1", "category": {"@type": "Category", "@id": "e93ff947-1fc8-3f69-a82a-430a273cc58f", "name": "air"}, "flowType": "ELEMENTARY_FLOW", "flowProperties": [{"@type": "FlowPropertyFactor", "referenceFlowProperty": true, "flowProperty": {"@type": "FlowProperty", "name": "mass", "@id": NaN}, "conversionFactor": 1.0}]}