{"@context": "http://greendelta.github.io/olca-schema/context.jsonld", "@type": "Flow", "@id": "bd04ee35-7ba9-3f73-9851-bb6f53a24a2f", "name": "2-Chloro-5-(3,5-dimethylpiperidinosulphonyl)benzoic acid", "cas": "37087-94-8", "formula": "C14H18ClNO4S", "version": "0.1", "category": {"@type": "Category", "@id": "e93ff947-1fc8-3f69-a82a-430a273cc58f", "name": "air"}, "flowType": "ELEMENTARY_FLOW", "flowProperties": [{"@type": "FlowPropertyFactor", "referenceFlowProperty": true, "flowProperty": {"@type": "FlowProperty", "name": "mass", "@id": NaN}, "conversionFactor": 1.0}]}