{"@context": "http://greendelta.github.io/olca-schema/context.jsonld", "@type": "Flow", "@id": "d31ce58c-ab81-3718-b666-af167819cf50", "name": "Cartap", "cas": "15263-53-3", "formula": "C7H15N3O2S2", "version": "0.1", "category": {"@type": "Category", "@id": "e93ff947-1fc8-3f69-a82a-430a273cc58f", "name": "air"}, "flowType": "ELEMENTARY_FLOW", "flowProperties": [{"@type": "FlowPropertyFactor", "referenceFlowProperty": true, "flowProperty": {"@type": "FlowProperty", "name": "mass", "@id": NaN}, "conversionFactor": 1.0}]}