{"@context": "http://greendelta.github.io/olca-schema/context.jsonld", "@type": "Flow", "@id": "d8136b10-86e0-3995-9f3d-5a37e128cd67", "name": "Temperate or sub-polar shrubland", "cas": "", "formula": "", "version": "0.1", "category": {"@type": "Category", "@id": "2d0430aa-7d05-3447-b37e-f0365e6428f0", "name": "ground"}, "flowType": "ELEMENTARY_FLOW", "flowProperties": [{"@type": "FlowPropertyFactor", "referenceFlowProperty": true, "flowProperty": {"@type": "FlowProperty", "name": "Area*time", "@id": "93a60a56-a3c8-21da-a746-0800200c9a66"}, "conversionFactor": 1.0}]}