{"@context": "http://greendelta.github.io/olca-schema/context.jsonld", "@type": "Flow", "@id": "e4235c62-00f1-3b42-910f-d5b55b690d2a", "name": "4-Ethylbenzyl alcohol", "cas": "768-59-2", "formula": "C9H12O", "version": "0.1", "description": "From 'FedElemFlowList_0.1. Preferred flow. Reference: https://comptox.epa.gov/dashboard/dsstoxdb/results?utf8=%E2%9C%93&search=DTXSID00227614", "category": {"@type": "Category", "@id": "4061cba4-cb52-3ef2-85a6-55942ed24d37", "name": "air"}, "flowType": "ELEMENTARY_FLOW", "flowProperties": [{"@type": "FlowPropertyFactor", "referenceFlowProperty": true, "flowProperty": {"@type": "FlowProperty", "name": "mass", "@id": NaN}, "conversionFactor": 1.0}]}