{"@context": "http://greendelta.github.io/olca-schema/context.jsonld", "@type": "Flow", "@id": "f1ed6d2e-9dcc-34bd-8d53-82b44157566f", "name": "Water", "cas": "", "formula": "", "version": "0.1", "category": {"@type": "Category", "@id": "853f1552-f4a6-3dfc-98a9-34ff867b77b3", "name": "water"}, "flowType": "ELEMENTARY_FLOW", "flowProperties": [{"@type": "FlowPropertyFactor", "referenceFlowProperty": true, "flowProperty": {"@type": "FlowProperty", "name": "Area*time", "@id": "93a60a56-a3c8-21da-a746-0800200c9a66"}, "conversionFactor": 1.0}]}