{"@context": "http://greendelta.github.io/olca-schema/context.jsonld", "@type": "Flow", "@id": "f28fb980-09f1-3dc4-967d-f22214f5fa8a", "name": "Benzyl chloride", "cas": "100-44-7", "formula": "C7H7Cl", "version": "0.1", "description": "From FedElemFlowList_0.1. Flow Class: Chemicals. Preferred flow. Reference: https://ofmpub.epa.gov/sor_internet/registry/substreg/searchandretrieve/substancesearch/search.do?details=displayDetails&selectedSubstanceId=94767", "category": {"@type": "Category", "@id": "4061cba4-cb52-3ef2-85a6-55942ed24d37", "name": "air"}, "flowType": "ELEMENTARY_FLOW", "flowProperties": [{"@type": "FlowPropertyFactor", "referenceFlowProperty": true, "flowProperty": {"@type": "FlowProperty", "name": "mass", "@id": NaN}, "conversionFactor": 1.0}]}