{"@context": "http://greendelta.github.io/olca-schema/context.jsonld", "@type": "Flow", "@id": "fc58e06b-a0f7-39d2-8ae2-c12da996cbe7", "name": "Carbonodithioic acid, O-(2-methylpropyl) ester, sodium salt (1:1)", "cas": "25306-75-6", "formula": "C5H9NaOS2", "version": "0.1", "category": {"@type": "Category", "@id": "e93ff947-1fc8-3f69-a82a-430a273cc58f", "name": "air"}, "flowType": "ELEMENTARY_FLOW", "flowProperties": [{"@type": "FlowPropertyFactor", "referenceFlowProperty": true, "flowProperty": {"@type": "FlowProperty", "name": "mass", "@id": NaN}, "conversionFactor": 1.0}]}