{"@type": "Flow", "@id": "0837a145-bbca-39e4-8b4b-df85fbafd4b8", "name": "Alcohols, ethoxylated C12-14", "description": "From FedElemFlowList_0.3. Flow Class: Groups. Preferred flow.", "version": "0.3", "lastChange": "2019-05-22T10:15:01.162308", "category": {"@type": "Category", "@id": "22dd8a49-0212-3215-804c-f569280ac705"}, "flowType": "ELEMENTARY_FLOW", "cas": "68439-50-9", "formula": "-", "flowProperties": [{"@type": "FlowPropertyFactor", "flowProperty": {"@type": "FlowProperty", "@id": "93a60a56-a3c8-11da-a746-0800200b9a66", "name": "Mass"}, "conversionFactor": 1.0, "referenceFlowProperty": true}]}