{"@type": "Flow", "@id": "0dee492c-4a21-3168-b552-bd6922b52bcc", "name": "T-2 toxin", "description": "From FedElemFlowList_0.3. Flow Class: Groups. Preferred flow.", "version": "0.3", "lastChange": "2019-05-22T10:15:01.121345", "category": {"@type": "Category", "@id": "bba2aa9b-8c10-3bf5-867d-7faba4ff8653"}, "flowType": "ELEMENTARY_FLOW", "cas": "21259-20-1", "formula": "C24H34O9", "flowProperties": [{"@type": "FlowPropertyFactor", "flowProperty": {"@type": "FlowProperty", "@id": "93a60a56-a3c8-11da-a746-0800200b9a66", "name": "Mass"}, "conversionFactor": 1.0, "referenceFlowProperty": true}]}