{"@type": "Flow", "@id": "26201336-1a1a-3a9c-834f-181b832b7157", "name": "Phthalates, branched dialkyl C11-14, C13-rich", "description": "From FedElemFlowList_0.3. Flow Class: Groups. Preferred flow.", "version": "0.3", "lastChange": "2019-05-22T10:15:01.175295", "category": {"@type": "Category", "@id": "bba2aa9b-8c10-3bf5-867d-7faba4ff8653"}, "flowType": "ELEMENTARY_FLOW", "cas": "68515-47-9", "formula": "-", "flowProperties": [{"@type": "FlowPropertyFactor", "flowProperty": {"@type": "FlowProperty", "@id": "93a60a56-a3c8-11da-a746-0800200b9a66", "name": "Mass"}, "conversionFactor": 1.0, "referenceFlowProperty": true}]}