{"@type": "Flow", "@id": "2d6f4ff0-519f-31ce-8a41-10a170aad204", "name": "Heptachlorodibenzo-p-dioxin", "description": "From FedElemFlowList_0.3. Flow Class: Groups. Preferred flow.", "version": "0.3", "lastChange": "2019-05-22T10:15:01.142326", "category": {"@type": "Category", "@id": "bba2aa9b-8c10-3bf5-867d-7faba4ff8653"}, "flowType": "ELEMENTARY_FLOW", "cas": "37871-00-4", "formula": "-", "flowProperties": [{"@type": "FlowPropertyFactor", "flowProperty": {"@type": "FlowProperty", "@id": "93a60a56-a3c8-11da-a746-0800200b9a66", "name": "Mass"}, "conversionFactor": 1.0, "referenceFlowProperty": true}]}