{"@type": "Flow", "@id": "35adeff4-98fc-38ba-93b3-0245301979bc", "name": "Alcohols, C6-12", "description": "From FedElemFlowList_0.3. Flow Class: Groups. Preferred flow.", "version": "0.3", "lastChange": "2019-05-22T10:15:01.192279", "category": {"@type": "Category", "@id": "bba2aa9b-8c10-3bf5-867d-7faba4ff8653"}, "flowType": "ELEMENTARY_FLOW", "cas": "68603-15-6", "formula": "-", "flowProperties": [{"@type": "FlowPropertyFactor", "flowProperty": {"@type": "FlowProperty", "@id": "93a60a56-a3c8-11da-a746-0800200b9a66", "name": "Mass"}, "conversionFactor": 1.0, "referenceFlowProperty": true}]}