{"@type": "Flow", "@id": "3703a8f3-dc5e-3f56-8182-6e4d0f288a21", "name": "Alcohols, C11-14-iso-, C13-rich", "description": "From FedElemFlowList_0.3. Flow Class: Groups. Preferred flow.", "version": "0.3", "lastChange": "2019-05-22T10:15:01.188283", "category": {"@type": "Category", "@id": "180c4e35-a851-3002-beac-93186525c9c8"}, "flowType": "ELEMENTARY_FLOW", "cas": "68526-86-3", "formula": "-", "flowProperties": [{"@type": "FlowPropertyFactor", "flowProperty": {"@type": "FlowProperty", "@id": "93a60a56-a3c8-11da-a746-0800200b9a66", "name": "Mass"}, "conversionFactor": 1.0, "referenceFlowProperty": true}]}