{"@type": "Flow", "@id": "37e72928-5e52-3d6b-82ae-1ed5455a9bf3", "name": "Alkenes, C15-18", "description": "From FedElemFlowList_0.3. Flow Class: Groups. Preferred flow.", "version": "0.3", "lastChange": "2019-05-22T10:15:01.223250", "category": {"@type": "Category", "@id": "a25412b5-38f6-359b-83ec-c357eb0c5394"}, "flowType": "ELEMENTARY_FLOW", "cas": "93762-80-2", "formula": "-", "flowProperties": [{"@type": "FlowPropertyFactor", "flowProperty": {"@type": "FlowProperty", "@id": "93a60a56-a3c8-11da-a746-0800200b9a66", "name": "Mass"}, "conversionFactor": 1.0, "referenceFlowProperty": true}]}