{"@type": "Flow", "@id": "3a97c833-0fa7-31a4-a30c-6ca764403a6e", "name": "Energy, heat", "description": "From FedElemFlowList_0.3. Flow Class: Energy. Preferred flow.", "version": "0.3", "lastChange": "2019-05-22T10:15:01.075390", "category": {"@type": "Category", "@id": "9d9d7c69-aa4d-3e50-8aae-7541938a5464"}, "flowType": "ELEMENTARY_FLOW", "cas": NaN, "formula": NaN, "flowProperties": [{"@type": "FlowPropertyFactor", "flowProperty": {"@type": "FlowProperty", "@id": "f6811440-ee37-11de-8a39-0800200c9a66", "name": "Energy"}, "conversionFactor": 1.0, "referenceFlowProperty": true}]}