{"@type": "Flow", "@id": "3ab0f9e6-46c6-3ae2-9228-bb6d9ab6f9cd", "name": "Hydrocarbons, C9", "description": "From FedElemFlowList_0.3. Flow Class: Groups. Preferred flow.", "version": "0.3", "lastChange": "2019-05-22T10:15:01.227246", "category": {"@type": "Category", "@id": "07213daa-8894-394f-b1b6-ba874891e146"}, "flowType": "ELEMENTARY_FLOW", "cas": "93924-40-4", "formula": "-", "flowProperties": [{"@type": "FlowPropertyFactor", "flowProperty": {"@type": "FlowProperty", "@id": "93a60a56-a3c8-11da-a746-0800200b9a66", "name": "Mass"}, "conversionFactor": 1.0, "referenceFlowProperty": true}]}