{"@type": "Flow", "@id": "4d1571a6-ffff-3a36-82df-224ed975a094", "name": "Energy, solar", "description": "From FedElemFlowList_0.3. Flow Class: Energy. Preferred flow.", "version": "0.3", "lastChange": "2019-05-22T10:15:01.072390", "category": {"@type": "Category", "@id": "194613f7-bd22-34d9-a99c-253f4bf6c494"}, "flowType": "ELEMENTARY_FLOW", "cas": NaN, "formula": NaN, "flowProperties": [{"@type": "FlowPropertyFactor", "flowProperty": {"@type": "FlowProperty", "@id": "f6811440-ee37-11de-8a39-0800200c9a66", "name": "Energy"}, "conversionFactor": 1.0, "referenceFlowProperty": true}]}