{"@type": "Flow", "@id": "4f8120d2-7963-38ca-ba32-13648979fca3", "name": "Phthalates, branched and linear dialkyl C7-11", "description": "From FedElemFlowList_0.3. Flow Class: Groups. Preferred flow.", "version": "0.3", "lastChange": "2019-05-22T10:15:01.169301", "category": {"@type": "Category", "@id": "cc81403e-3972-3f72-8733-47bb03c794f1"}, "flowType": "ELEMENTARY_FLOW", "cas": "68515-42-4", "formula": "-", "flowProperties": [{"@type": "FlowPropertyFactor", "flowProperty": {"@type": "FlowProperty", "@id": "93a60a56-a3c8-11da-a746-0800200b9a66", "name": "Mass"}, "conversionFactor": 1.0, "referenceFlowProperty": true}]}