{"@type": "Flow", "@id": "5a251e39-3700-36fd-a547-f627d2652e98", "name": "Alcohols, ethoxylated C12-14", "description": "From FedElemFlowList_0.3. Flow Class: Groups. Preferred flow.", "version": "0.3", "lastChange": "2019-05-22T10:15:01.162308", "category": {"@type": "Category", "@id": "07213daa-8894-394f-b1b6-ba874891e146"}, "flowType": "ELEMENTARY_FLOW", "cas": "68439-50-9", "formula": "-", "flowProperties": [{"@type": "FlowPropertyFactor", "flowProperty": {"@type": "FlowProperty", "@id": "93a60a56-a3c8-11da-a746-0800200b9a66", "name": "Mass"}, "conversionFactor": 1.0, "referenceFlowProperty": true}]}