{"@type": "Flow", "@id": "5a67df4b-320f-3968-91dc-6367ea0f4df3", "name": "Hydrocarbons, C12", "description": "From FedElemFlowList_0.3. Flow Class: Groups. Preferred flow.", "version": "0.3", "lastChange": "2019-05-22T10:15:01.237239", "category": {"@type": "Category", "@id": "2dd61fbc-3a1b-304b-ac5c-efd5c06a240d"}, "flowType": "ELEMENTARY_FLOW", "cas": "93924-44-8", "formula": "-", "flowProperties": [{"@type": "FlowPropertyFactor", "flowProperty": {"@type": "FlowProperty", "@id": "93a60a56-a3c8-11da-a746-0800200b9a66", "name": "Mass"}, "conversionFactor": 1.0, "referenceFlowProperty": true}]}