{"@type": "Flow", "@id": "5aa1bf0b-15ea-3eda-98e4-5cd2bbe5a0f8", "name": "Softwood", "description": "From FedElemFlowList_0.3. Flow Class: Biological. Preferred flow.", "version": "0.3", "lastChange": "2019-05-22T10:15:01.070391", "category": {"@type": "Category", "@id": "01acd57f-b4f2-3fd3-8884-f2fc24dca56b"}, "flowType": "ELEMENTARY_FLOW", "cas": NaN, "formula": NaN, "flowProperties": [{"@type": "FlowPropertyFactor", "flowProperty": {"@type": "FlowProperty", "@id": "93a60a56-a3c8-11da-a746-0800200b9a66", "name": "Mass"}, "conversionFactor": 1.0, "referenceFlowProperty": true}]}