{"@type": "Flow", "@id": "5bfe02f5-ba7a-3ba7-864d-d03760c5fd5a", "name": "Polychlorinated biphenyls", "description": "From FedElemFlowList_0.3. Flow Class: Groups. Preferred flow.", "version": "0.3", "lastChange": "2019-05-22T10:15:01.107358", "category": {"@type": "Category", "@id": "2e39a9f2-5969-3d8b-bc2c-7ebbbfe4525f"}, "flowType": "ELEMENTARY_FLOW", "cas": "1336-36-3", "formula": "C12", "flowProperties": [{"@type": "FlowPropertyFactor", "flowProperty": {"@type": "FlowProperty", "@id": "93a60a56-a3c8-11da-a746-0800200b9a66", "name": "Mass"}, "conversionFactor": 1.0, "referenceFlowProperty": true}]}