{"@type": "Flow", "@id": "5ce31293-10aa-35a7-934f-ff83b0df3859", "name": "Alcohols, C11-14-iso-, C13-rich", "description": "From FedElemFlowList_0.3. Flow Class: Groups. Preferred flow.", "version": "0.3", "lastChange": "2019-05-22T10:15:01.186284", "category": {"@type": "Category", "@id": "22dd8a49-0212-3215-804c-f569280ac705"}, "flowType": "ELEMENTARY_FLOW", "cas": "68526-86-3", "formula": "-", "flowProperties": [{"@type": "FlowPropertyFactor", "flowProperty": {"@type": "FlowProperty", "@id": "93a60a56-a3c8-11da-a746-0800200b9a66", "name": "Mass"}, "conversionFactor": 1.0, "referenceFlowProperty": true}]}