{"@type": "Flow", "@id": "5f28be69-11a3-3b5c-9951-f6f47740d173", "name": "Antimony oxide", "description": "From FedElemFlowList_0.3. Flow Class: Groups. Preferred flow.", "version": "0.3", "lastChange": "2019-05-22T10:15:01.103362", "category": {"@type": "Category", "@id": "a4a114b8-d98f-374d-a9f7-b24c05cff8d2"}, "flowType": "ELEMENTARY_FLOW", "cas": "1327-33-9", "formula": "-", "flowProperties": [{"@type": "FlowPropertyFactor", "flowProperty": {"@type": "FlowProperty", "@id": "93a60a56-a3c8-11da-a746-0800200b9a66", "name": "Mass"}, "conversionFactor": 1.0, "referenceFlowProperty": true}]}