{"@type": "Flow", "@id": "63d50599-4672-30bb-96e3-13504743e9e2", "name": "Phthalates, dialkyl C6-10", "description": "From FedElemFlowList_0.3. Flow Class: Groups. Preferred flow.", "version": "0.3", "lastChange": "2019-05-22T10:15:01.183287", "category": {"@type": "Category", "@id": "2dd61fbc-3a1b-304b-ac5c-efd5c06a240d"}, "flowType": "ELEMENTARY_FLOW", "cas": "68515-51-5", "formula": "-", "flowProperties": [{"@type": "FlowPropertyFactor", "flowProperty": {"@type": "FlowProperty", "@id": "93a60a56-a3c8-11da-a746-0800200b9a66", "name": "Mass"}, "conversionFactor": 1.0, "referenceFlowProperty": true}]}