{"@type": "Flow", "@id": "6529d181-66dc-3370-8b54-681bf1ccb004", "name": "Benzene, alkyl derivs. C10-16", "description": "From FedElemFlowList_0.3. Flow Class: Groups. Preferred flow.", "version": "0.3", "lastChange": "2019-05-22T10:15:01.204265", "category": {"@type": "Category", "@id": "cc81403e-3972-3f72-8733-47bb03c794f1"}, "flowType": "ELEMENTARY_FLOW", "cas": "68648-87-3", "formula": "-", "flowProperties": [{"@type": "FlowPropertyFactor", "flowProperty": {"@type": "FlowProperty", "@id": "93a60a56-a3c8-11da-a746-0800200b9a66", "name": "Mass"}, "conversionFactor": 1.0, "referenceFlowProperty": true}]}