{"@type": "Flow", "@id": "6973b3f1-847c-3d26-8f6b-15f4550e30e5", "name": "Energy, heat", "description": "From FedElemFlowList_0.3. Flow Class: Energy. Preferred flow.", "version": "0.3", "lastChange": "2019-05-22T10:15:01.075390", "category": {"@type": "Category", "@id": "3c5223df-1851-317b-b4ed-86eba416493e"}, "flowType": "ELEMENTARY_FLOW", "cas": NaN, "formula": NaN, "flowProperties": [{"@type": "FlowPropertyFactor", "flowProperty": {"@type": "FlowProperty", "@id": "f6811440-ee37-11de-8a39-0800200c9a66", "name": "Energy"}, "conversionFactor": 1.0, "referenceFlowProperty": true}]}