{"@type": "Flow", "@id": "6c189ff4-ed25-33f4-976f-b92fbb1e93e0", "name": "Alcohols, C11-14-iso-, C13-rich", "description": "From FedElemFlowList_0.3. Flow Class: Groups. Preferred flow.", "version": "0.3", "lastChange": "2019-05-22T10:15:01.188283", "category": {"@type": "Category", "@id": "bba2aa9b-8c10-3bf5-867d-7faba4ff8653"}, "flowType": "ELEMENTARY_FLOW", "cas": "68526-86-3", "formula": "-", "flowProperties": [{"@type": "FlowPropertyFactor", "flowProperty": {"@type": "FlowProperty", "@id": "93a60a56-a3c8-11da-a746-0800200b9a66", "name": "Mass"}, "conversionFactor": 1.0, "referenceFlowProperty": true}]}