{"@type": "Flow", "@id": "87397fcf-094e-35af-90e6-39ee36437d9f", "name": "Hydrocarbons, C7", "description": "From FedElemFlowList_0.3. Flow Class: Groups. Preferred flow.", "version": "0.3", "lastChange": "2019-05-22T10:15:01.224249", "category": {"@type": "Category", "@id": "2dd61fbc-3a1b-304b-ac5c-efd5c06a240d"}, "flowType": "ELEMENTARY_FLOW", "cas": "93924-37-9", "formula": "-", "flowProperties": [{"@type": "FlowPropertyFactor", "flowProperty": {"@type": "FlowProperty", "@id": "93a60a56-a3c8-11da-a746-0800200b9a66", "name": "Mass"}, "conversionFactor": 1.0, "referenceFlowProperty": true}]}