{"@type": "Flow", "@id": "87e98f1f-1c52-3522-8dcd-7c475573f03c", "name": "Phthalates, branched dialkyl C8-10, C9-rich", "description": "From FedElemFlowList_0.3. Flow Class: Groups. Preferred flow.", "version": "0.3", "lastChange": "2019-05-22T10:15:01.176294", "category": {"@type": "Category", "@id": "2dd61fbc-3a1b-304b-ac5c-efd5c06a240d"}, "flowType": "ELEMENTARY_FLOW", "cas": "68515-48-0", "formula": "-", "flowProperties": [{"@type": "FlowPropertyFactor", "flowProperty": {"@type": "FlowProperty", "@id": "93a60a56-a3c8-11da-a746-0800200b9a66", "name": "Mass"}, "conversionFactor": 1.0, "referenceFlowProperty": true}]}