{"@type": "Flow", "@id": "88aae5b8-3337-3a59-9e92-ec4c06ccb677", "name": "Benzenesulfonic acid, alkyl derivs. C10-13, sodium salts", "description": "From FedElemFlowList_0.3. Flow Class: Groups. Preferred flow.", "version": "0.3", "lastChange": "2019-05-22T10:15:01.161306", "category": {"@type": "Category", "@id": "a25412b5-38f6-359b-83ec-c357eb0c5394"}, "flowType": "ELEMENTARY_FLOW", "cas": "68411-30-3", "formula": "-", "flowProperties": [{"@type": "FlowPropertyFactor", "flowProperty": {"@type": "FlowProperty", "@id": "93a60a56-a3c8-11da-a746-0800200b9a66", "name": "Mass"}, "conversionFactor": 1.0, "referenceFlowProperty": true}]}