{"@type": "Flow", "@id": "8d1c15cf-d15b-3fd3-a7d8-c34bbf42beea", "name": "Alcohols, ethoxylated C12-14", "description": "From FedElemFlowList_0.3. Flow Class: Groups. Preferred flow.", "version": "0.3", "lastChange": "2019-05-22T10:15:01.165309", "category": {"@type": "Category", "@id": "cc81403e-3972-3f72-8733-47bb03c794f1"}, "flowType": "ELEMENTARY_FLOW", "cas": "68439-50-9", "formula": "-", "flowProperties": [{"@type": "FlowPropertyFactor", "flowProperty": {"@type": "FlowProperty", "@id": "93a60a56-a3c8-11da-a746-0800200b9a66", "name": "Mass"}, "conversionFactor": 1.0, "referenceFlowProperty": true}]}