{"@type": "Flow", "@id": "8d673f2b-57e3-39ae-a8bd-087901dd6b62", "name": "Hydrocarbons, C11", "description": "From FedElemFlowList_0.3. Flow Class: Groups. Preferred flow.", "version": "0.3", "lastChange": "2019-05-22T10:15:01.235240", "category": {"@type": "Category", "@id": "2e39a9f2-5969-3d8b-bc2c-7ebbbfe4525f"}, "flowType": "ELEMENTARY_FLOW", "cas": "93924-43-7", "formula": "-", "flowProperties": [{"@type": "FlowPropertyFactor", "flowProperty": {"@type": "FlowProperty", "@id": "93a60a56-a3c8-11da-a746-0800200b9a66", "name": "Mass"}, "conversionFactor": 1.0, "referenceFlowProperty": true}]}