{"@type": "Flow", "@id": "903f491c-b3d4-38e1-86b6-094dde3af95c", "name": "Aroclor 1016", "description": "From FedElemFlowList_0.3. Flow Class: Groups. Preferred flow.", "version": "0.3", "lastChange": "2019-05-22T10:15:01.093371", "category": {"@type": "Category", "@id": "2e39a9f2-5969-3d8b-bc2c-7ebbbfe4525f"}, "flowType": "ELEMENTARY_FLOW", "cas": "12674-11-2", "formula": "-", "flowProperties": [{"@type": "FlowPropertyFactor", "flowProperty": {"@type": "FlowProperty", "@id": "93a60a56-a3c8-11da-a746-0800200b9a66", "name": "Mass"}, "conversionFactor": 1.0, "referenceFlowProperty": true}]}