{"@type": "Flow", "@id": "968270cf-d7f1-33b5-a97c-a633b1070b7f", "name": "Naphthalenesulfonic acids", "description": "From FedElemFlowList_0.3. Flow Class: Groups. Preferred flow.", "version": "0.3", "lastChange": "2019-05-22T10:15:01.156313", "category": {"@type": "Category", "@id": "180c4e35-a851-3002-beac-93186525c9c8"}, "flowType": "ELEMENTARY_FLOW", "cas": "68153-01-5", "formula": "-", "flowProperties": [{"@type": "FlowPropertyFactor", "flowProperty": {"@type": "FlowProperty", "@id": "93a60a56-a3c8-11da-a746-0800200b9a66", "name": "Mass"}, "conversionFactor": 1.0, "referenceFlowProperty": true}]}