{"@type": "Flow", "@id": "9aa1dd70-9240-3783-936c-70cc7d935941", "name": "Bacillus thuringiensis var. israeliensis", "description": "From FedElemFlowList_0.3. Flow Class: Biological. Preferred flow.", "version": "0.3", "lastChange": "2019-05-22T10:15:01.071391", "category": {"@type": "Category", "@id": "9ba871cb-4167-3447-9469-491b7dd19f14"}, "flowType": "ELEMENTARY_FLOW", "cas": NaN, "formula": NaN, "flowProperties": [{"@type": "FlowPropertyFactor", "flowProperty": {"@type": "FlowProperty", "@id": "93a60a56-a3c8-11da-a746-0800200b9a66", "name": "Mass"}, "conversionFactor": 1.0, "referenceFlowProperty": true}]}