{"@type": "Flow", "@id": "a9415b4b-0afa-3085-958a-d16eb70191f9", "name": "Aflatoxins", "description": "From FedElemFlowList_0.3. Flow Class: Groups. Preferred flow.", "version": "0.3", "lastChange": "2019-05-22T10:15:01.118348", "category": {"@type": "Category", "@id": "180c4e35-a851-3002-beac-93186525c9c8"}, "flowType": "ELEMENTARY_FLOW", "cas": "1402-68-2", "formula": "-", "flowProperties": [{"@type": "FlowPropertyFactor", "flowProperty": {"@type": "FlowProperty", "@id": "93a60a56-a3c8-11da-a746-0800200b9a66", "name": "Mass"}, "conversionFactor": 1.0, "referenceFlowProperty": true}]}