{"@type": "Flow", "@id": "c1ae60b5-c8b5-3e22-b245-250c532c9f77", "name": "Hydrocarbons, C10", "description": "From FedElemFlowList_0.3. Flow Class: Groups. Preferred flow.", "version": "0.3", "lastChange": "2019-05-22T10:15:01.230243", "category": {"@type": "Category", "@id": "22dd8a49-0212-3215-804c-f569280ac705"}, "flowType": "ELEMENTARY_FLOW", "cas": "93924-41-5", "formula": "-", "flowProperties": [{"@type": "FlowPropertyFactor", "flowProperty": {"@type": "FlowProperty", "@id": "93a60a56-a3c8-11da-a746-0800200b9a66", "name": "Mass"}, "conversionFactor": 1.0, "referenceFlowProperty": true}]}