{"@type": "Flow", "@id": "c3638403-bad2-3c53-aff3-a3addef78eb5", "name": "Hydrocarbons, C7", "description": "From FedElemFlowList_0.3. Flow Class: Groups. Preferred flow.", "version": "0.3", "lastChange": "2019-05-22T10:15:01.225248", "category": {"@type": "Category", "@id": "180c4e35-a851-3002-beac-93186525c9c8"}, "flowType": "ELEMENTARY_FLOW", "cas": "93924-37-9", "formula": "-", "flowProperties": [{"@type": "FlowPropertyFactor", "flowProperty": {"@type": "FlowProperty", "@id": "93a60a56-a3c8-11da-a746-0800200b9a66", "name": "Mass"}, "conversionFactor": 1.0, "referenceFlowProperty": true}]}