{"@type": "Flow", "@id": "c9a44cef-09e7-3ccb-ad01-1e384c3ee8af", "name": "Energy, heat", "description": "From FedElemFlowList_0.3. Flow Class: Energy. Preferred flow.", "version": "0.3", "lastChange": "2019-05-22T10:15:01.076388", "category": {"@type": "Category", "@id": "9ba871cb-4167-3447-9469-491b7dd19f14"}, "flowType": "ELEMENTARY_FLOW", "cas": NaN, "formula": NaN, "flowProperties": [{"@type": "FlowPropertyFactor", "flowProperty": {"@type": "FlowProperty", "@id": "f6811440-ee37-11de-8a39-0800200c9a66", "name": "Energy"}, "conversionFactor": 1.0, "referenceFlowProperty": true}]}