{"@type": "Flow", "@id": "c9cd5e66-ae74-3d89-8080-cf065caf69ab", "name": "Energy, hydro-wave", "description": "From FedElemFlowList_0.3. Flow Class: Energy. Preferred flow.", "version": "0.3", "lastChange": "2019-05-22T10:15:01.074388", "category": {"@type": "Category", "@id": "9d840918-743c-343c-b333-960ce4fa0db9"}, "flowType": "ELEMENTARY_FLOW", "cas": NaN, "formula": NaN, "flowProperties": [{"@type": "FlowPropertyFactor", "flowProperty": {"@type": "FlowProperty", "@id": "f6811440-ee37-11de-8a39-0800200c9a66", "name": "Energy"}, "conversionFactor": 1.0, "referenceFlowProperty": true}]}