{"@type": "Flow", "@id": "d12a13ee-001b-3675-b326-7ce2df6294ff", "name": "Alcohols, C6-12", "description": "From FedElemFlowList_0.3. Flow Class: Groups. Preferred flow.", "version": "0.3", "lastChange": "2019-05-22T10:15:01.191280", "category": {"@type": "Category", "@id": "180c4e35-a851-3002-beac-93186525c9c8"}, "flowType": "ELEMENTARY_FLOW", "cas": "68603-15-6", "formula": "-", "flowProperties": [{"@type": "FlowPropertyFactor", "flowProperty": {"@type": "FlowProperty", "@id": "93a60a56-a3c8-11da-a746-0800200b9a66", "name": "Mass"}, "conversionFactor": 1.0, "referenceFlowProperty": true}]}