{"@type": "Flow", "@id": "d2792697-9e22-3380-974f-54b92a3549a9", "name": "Energy, geothermal", "description": "From FedElemFlowList_0.3. Flow Class: Energy. Preferred flow.", "version": "0.3", "lastChange": "2019-05-22T10:15:01.073390", "category": {"@type": "Category", "@id": "0e97008c-dc0e-3a58-a787-d3631ce40101"}, "flowType": "ELEMENTARY_FLOW", "cas": NaN, "formula": NaN, "flowProperties": [{"@type": "FlowPropertyFactor", "flowProperty": {"@type": "FlowProperty", "@id": "f6811440-ee37-11de-8a39-0800200c9a66", "name": "Energy"}, "conversionFactor": 1.0, "referenceFlowProperty": true}]}