{"@type": "Flow", "@id": "d7aa7d0e-b714-3db9-8d10-48b511783073", "name": "Alcohols, C11-14-iso-, C13-rich", "description": "From FedElemFlowList_0.3. Flow Class: Groups. Preferred flow.", "version": "0.3", "lastChange": "2019-05-22T10:15:01.187284", "category": {"@type": "Category", "@id": "a4a114b8-d98f-374d-a9f7-b24c05cff8d2"}, "flowType": "ELEMENTARY_FLOW", "cas": "68526-86-3", "formula": "-", "flowProperties": [{"@type": "FlowPropertyFactor", "flowProperty": {"@type": "FlowProperty", "@id": "93a60a56-a3c8-11da-a746-0800200b9a66", "name": "Mass"}, "conversionFactor": 1.0, "referenceFlowProperty": true}]}