{"@type": "Flow", "@id": "db84fba1-be0c-380f-aa6b-2a463545f9e0", "name": "Pentachlorodibenzo-p-dioxin", "description": "From FedElemFlowList_0.3. Flow Class: Groups. Preferred flow.", "version": "0.3", "lastChange": "2019-05-22T10:15:01.137330", "category": {"@type": "Category", "@id": "22dd8a49-0212-3215-804c-f569280ac705"}, "flowType": "ELEMENTARY_FLOW", "cas": "36088-22-9", "formula": "-", "flowProperties": [{"@type": "FlowPropertyFactor", "flowProperty": {"@type": "FlowProperty", "@id": "93a60a56-a3c8-11da-a746-0800200b9a66", "name": "Mass"}, "conversionFactor": 1.0, "referenceFlowProperty": true}]}