{"@type": "Flow", "@id": "df2066a0-279d-33e1-9824-d4bd3783e0e6", "name": "Phthalates, branched dialkyl C9-11, C10-rich", "description": "From FedElemFlowList_0.3. Flow Class: Groups. Preferred flow.", "version": "0.3", "lastChange": "2019-05-22T10:15:01.180290", "category": {"@type": "Category", "@id": "07213daa-8894-394f-b1b6-ba874891e146"}, "flowType": "ELEMENTARY_FLOW", "cas": "68515-49-1", "formula": "-", "flowProperties": [{"@type": "FlowPropertyFactor", "flowProperty": {"@type": "FlowProperty", "@id": "93a60a56-a3c8-11da-a746-0800200b9a66", "name": "Mass"}, "conversionFactor": 1.0, "referenceFlowProperty": true}]}