{"@type": "Flow", "@id": "e4964ebc-c9fc-38a8-b1d8-edcb84e66eb3", "name": "Tetrachlorodibenzofuran", "description": "From FedElemFlowList_0.3. Flow Class: Groups. Preferred flow.", "version": "0.3", "lastChange": "2019-05-22T10:15:01.123343", "category": {"@type": "Category", "@id": "2dd61fbc-3a1b-304b-ac5c-efd5c06a240d"}, "flowType": "ELEMENTARY_FLOW", "cas": "30402-14-3", "formula": "C12H4Cl4O", "flowProperties": [{"@type": "FlowPropertyFactor", "flowProperty": {"@type": "FlowProperty", "@id": "93a60a56-a3c8-11da-a746-0800200b9a66", "name": "Mass"}, "conversionFactor": 1.0, "referenceFlowProperty": true}]}