{"@type": "Flow", "@id": "eef4cb1b-da50-30ce-9c30-3db766465690", "name": "Alcohols, C6-12", "description": "From FedElemFlowList_0.3. Flow Class: Groups. Preferred flow.", "version": "0.3", "lastChange": "2019-05-22T10:15:01.192279", "category": {"@type": "Category", "@id": "a25412b5-38f6-359b-83ec-c357eb0c5394"}, "flowType": "ELEMENTARY_FLOW", "cas": "68603-15-6", "formula": "-", "flowProperties": [{"@type": "FlowPropertyFactor", "flowProperty": {"@type": "FlowProperty", "@id": "93a60a56-a3c8-11da-a746-0800200b9a66", "name": "Mass"}, "conversionFactor": 1.0, "referenceFlowProperty": true}]}