{"@type": "Flow", "@id": "f22a34c4-e907-35ac-b87c-090165e36d57", "name": "Phthalates, branched dialkyl C8-10, C9-rich", "description": "From FedElemFlowList_0.3. Flow Class: Groups. Preferred flow.", "version": "0.3", "lastChange": "2019-05-22T10:15:01.177293", "category": {"@type": "Category", "@id": "a4a114b8-d98f-374d-a9f7-b24c05cff8d2"}, "flowType": "ELEMENTARY_FLOW", "cas": "68515-48-0", "formula": "-", "flowProperties": [{"@type": "FlowPropertyFactor", "flowProperty": {"@type": "FlowProperty", "@id": "93a60a56-a3c8-11da-a746-0800200b9a66", "name": "Mass"}, "conversionFactor": 1.0, "referenceFlowProperty": true}]}