{"@type": "Flow", "@id": "f278bf0e-09a6-3079-841e-b64fa5b475d9", "name": "Alkane sulfonic acids sodium salts", "description": "From FedElemFlowList_0.3. Flow Class: Groups. Preferred flow.", "version": "0.3", "lastChange": "2019-05-22T10:15:01.196275", "category": {"@type": "Category", "@id": "22dd8a49-0212-3215-804c-f569280ac705"}, "flowType": "ELEMENTARY_FLOW", "cas": "68608-15-1", "formula": "-", "flowProperties": [{"@type": "FlowPropertyFactor", "flowProperty": {"@type": "FlowProperty", "@id": "93a60a56-a3c8-11da-a746-0800200b9a66", "name": "Mass"}, "conversionFactor": 1.0, "referenceFlowProperty": true}]}