{"@type": "Flow", "@id": "f624c09b-53f9-356a-bff5-f863e2a9e5f9", "name": "Bacillus thuringiensis var. kurstaki", "description": "From FedElemFlowList_0.3. Flow Class: Biological. Preferred flow.", "version": "0.3", "lastChange": "2019-05-22T10:15:01.072390", "category": {"@type": "Category", "@id": "9ba871cb-4167-3447-9469-491b7dd19f14"}, "flowType": "ELEMENTARY_FLOW", "cas": NaN, "formula": NaN, "flowProperties": [{"@type": "FlowPropertyFactor", "flowProperty": {"@type": "FlowProperty", "@id": "93a60a56-a3c8-11da-a746-0800200b9a66", "name": "Mass"}, "conversionFactor": 1.0, "referenceFlowProperty": true}]}