{"@type": "Flow", "@id": "fba8f494-46a7-36a0-8a0a-4bf7c047febc", "name": "Pentachlorodibenzofuran", "description": "From FedElemFlowList_0.3. Flow Class: Groups. Preferred flow.", "version": "0.3", "lastChange": "2019-05-22T10:15:01.127341", "category": {"@type": "Category", "@id": "a4a114b8-d98f-374d-a9f7-b24c05cff8d2"}, "flowType": "ELEMENTARY_FLOW", "cas": "30402-15-4", "formula": "-", "flowProperties": [{"@type": "FlowPropertyFactor", "flowProperty": {"@type": "FlowProperty", "@id": "93a60a56-a3c8-11da-a746-0800200b9a66", "name": "Mass"}, "conversionFactor": 1.0, "referenceFlowProperty": true}]}