{"@context": "http://greendelta.github.io/olca-schema/context.jsonld", "@type": "Flow", "@id": "194ab468-feb7-30ab-817b-d288e489a5e4", "name": "Quartz", "cas": "14808-60-7", "formula": "SiO2", "version": "0.2", "description": "From FedElemFlowList_0.2. Flow Class: Geological. Preferred flow. Reference: https://www.mindat.org/min-3337.html", "category": {"@type": "Category", "@id": "2d0430aa-7d05-3447-b37e-f0365e6428f0", "name": "ground"}, "flowType": "ELEMENTARY_FLOW", "flowProperties": [{"@type": "FlowPropertyFactor", "referenceFlowProperty": true, "flowProperty": {"@type": "FlowProperty", "name": "Mass", "@id": "93a60a56-a3c8-11da-a746-0800200b9a66"}, "conversionFactor": 1.0}]}