{"@context": "http://greendelta.github.io/olca-schema/context.jsonld", "@type": "Flow", "@id": "22405d19-05e4-3623-af65-80141d66a793", "name": "IPSP", "cas": "1434432", "formula": "C9H21O3PS3", "version": "0.2", "description": "From FedElemFlowList_0.2. Flow Class: Chemicals. Preferred flow. Reference: https://comptox.epa.gov/dashboard/dsstoxdb/results?utf8=%E2%9C%93&search=DTXSID1058135", "category": {"@type": "Category", "@id": "9499238e-b0eb-35da-aef1-9114f54a0a44", "name": "ground"}, "flowType": "ELEMENTARY_FLOW", "flowProperties": [{"@type": "FlowPropertyFactor", "referenceFlowProperty": true, "flowProperty": {"@type": "FlowProperty", "name": "Mass", "@id": "93a60a56-a3c8-11da-a746-0800200b9a66"}, "conversionFactor": 1.0}]}