{"@context": "http://greendelta.github.io/olca-schema/context.jsonld", "@type": "Flow", "@id": "9c94b96c-b5a2-3a98-8216-e97e60a8e8f6", "name": "MCPB ethyl", "cas": "10443-70-6", "formula": "C13H17ClO3", "version": "0.2", "description": "From FedElemFlowList_0.2. Flow Class: Chemicals. Preferred flow. Reference: https://ofmpub.epa.gov/sor_internet/registry/substreg/searchandretrieve/substancesearch/search.do?details=displayDetails&selectedSubstanceId=94417", "category": {"@type": "Category", "@id": "9499238e-b0eb-35da-aef1-9114f54a0a44", "name": "ground"}, "flowType": "ELEMENTARY_FLOW", "flowProperties": [{"@type": "FlowPropertyFactor", "referenceFlowProperty": true, "flowProperty": {"@type": "FlowProperty", "name": "Mass", "@id": "93a60a56-a3c8-11da-a746-0800200b9a66"}, "conversionFactor": 1.0}]}