{"@context": "http://greendelta.github.io/olca-schema/context.jsonld", "@type": "Flow", "@id": "bb27aef7-f2ca-33af-8e52-89a2c64faad1", "name": "Temperate or sub-polar broadleaf deciduous forest", "cas": "", "formula": "", "version": "0.2", "description": "From FedElemFlowList_0.2. Flow Class: Land. Preferred flow.", "category": {"@type": "Category", "@id": "2d0430aa-7d05-3447-b37e-f0365e6428f0", "name": "ground"}, "flowType": "ELEMENTARY_FLOW", "flowProperties": [{"@type": "FlowPropertyFactor", "referenceFlowProperty": true, "flowProperty": {"@type": "FlowProperty", "name": "Area*time", "@id": "93a60a56-a3c8-21da-a746-0800200c9a66"}, "conversionFactor": 1.0}]}