{"@context": "http://greendelta.github.io/olca-schema/context.jsonld", "@type": "Flow", "@id": "c19b7755-0946-307d-9204-9fb172d5a6c4", "name": "4-Pentynoic acid", "cas": "1530250", "formula": "C5H6O2", "version": "0.2", "description": "From FedElemFlowList_0.2. Flow Class: Chemicals. Preferred flow. Reference: https://comptox.epa.gov/dashboard/dsstoxdb/results?utf8=%E2%9C%93&search=DTXSID20209730", "category": {"@type": "Category", "@id": "9499238e-b0eb-35da-aef1-9114f54a0a44", "name": "ground"}, "flowType": "ELEMENTARY_FLOW", "flowProperties": [{"@type": "FlowPropertyFactor", "referenceFlowProperty": true, "flowProperty": {"@type": "FlowProperty", "name": "Mass", "@id": "93a60a56-a3c8-11da-a746-0800200b9a66"}, "conversionFactor": 1.0}]}