{"@context": "http://greendelta.github.io/olca-schema/context.jsonld", "@type": "Flow", "@id": "c951ad32-e2dc-3cdd-a708-9ea47fa65cd6", "name": "Laihunite", "cas": "", "formula": "Fe2+Fe3+2(SiO4)2", "version": "0.2", "description": "From FedElemFlowList_0.2. Flow Class: Geological. Preferred flow. Reference: https://www.mindat.org/min-2312.html", "category": {"@type": "Category", "@id": "2d0430aa-7d05-3447-b37e-f0365e6428f0", "name": "ground"}, "flowType": "ELEMENTARY_FLOW", "flowProperties": [{"@type": "FlowPropertyFactor", "referenceFlowProperty": true, "flowProperty": {"@type": "FlowProperty", "name": "Mass", "@id": "93a60a56-a3c8-11da-a746-0800200b9a66"}, "conversionFactor": 1.0}]}