{"@context": "http://greendelta.github.io/olca-schema/context.jsonld", "@type": "Flow", "@id": "f539e8ff-000b-3e89-b1a3-32b9f06b0d02", "name": "Tetradymite", "cas": "", "formula": "Bi2Te2S", "version": "0.2", "description": "From FedElemFlowList_0.2. Flow Class: Geological. Preferred flow. Reference: https://www.mindat.org/min-3921.html", "category": {"@type": "Category", "@id": "2d0430aa-7d05-3447-b37e-f0365e6428f0", "name": "ground"}, "flowType": "ELEMENTARY_FLOW", "flowProperties": [{"@type": "FlowPropertyFactor", "referenceFlowProperty": true, "flowProperty": {"@type": "FlowProperty", "name": "Mass", "@id": "93a60a56-a3c8-11da-a746-0800200b9a66"}, "conversionFactor": 1.0}]}